,ID,Fname,Lname,Age,Profession,Country
175,4000176,Kristin,Alexander,21,Coach,china
289,4000290,Gail,Whitehead,21,Nurse,australia
348,4000349,Russell,Dalton,21,Civil engineer,australia
291,4000292,Donna,Rice,21,Social worker,australia
51,4000052,Shirley,Merritt,21,Reporter,uk
450,4000451,Russell,Hess,21,Architect,ireland
453,4000454,Virginia,Turner,22,Computer hardware engineer,ireland
151,4000152,Vincent,Goldman,22,Electrician,china
53,4000054,Judith,Cooper,22,Economist,uk
358,4000359,Leon,Bender,22,Firefighter,australia
217,4000218,Brett,Snyder,22,Doctor,africa
247,4000248,Allison,Choi,23,Computer hardware engineer,africa
144,4000145,Roger,Hanna,23,Musician,china
153,4000154,Milton,Starr,23,Carpenter,china
201,4000202,Ted,Weinstein,23,Human resources assistant,africa
84,4000085,Leon,Pearson,24,Physicist,us
212,4000213,Ashley,Houston,24,Judge,africa
70,4000071,Natalie,Walton,24,Recreation and fitness worker,us
31,4000032,Gretchen,Goldstein,24,Engineering technician,uk
91,4000092,Stacy,Olsen,25,Veterinarian,us
97,4000098,Keith,Chandler,25,Coach,us
137,4000138,Tamara,Hunt,25,Psychologist,us
34,4000035,Shelley,Weeks,25,Reporter,uk
439,4000440,Hannah,Langston,25,Pilot,ireland
319,4000320,Mary,Cochran,25,Computer support specialist,australia
191,4000192,Alison,MacDonald,26,Childcare worker,china
396,4000397,Bill,Klein,26,Teacher,ireland
345,4000346,Diana,Crane,26,Lawyer,australia
80,4000081,Mike,Whitehead,26,Politician,us
388,4000389,Neal,O'Connor,26,Therapist,ireland
11,4000012,Sandy,Raynor,26,Writer,india
111,4000112,Charlene,Heath,26,Electrician,us
424,4000425,Dean,Lutz,26,Pilot,ireland
62,4000063,Melinda,Proctor,27,Teacher,uk
76,4000077,Samantha,Hardin,27,Doctor,us
100,4000101,Scott,Golden,27,Teacher,us
301,4000302,Jill,Kent,27,Electrical engineer,australia
196,4000197,Terry,Barton,27,Recreation and fitness worker,africa
354,4000355,Malcolm,Chan,27,Environmental scientist,australia
260,4000261,Miriam,Wong,27,Childcare worker,africa
36,4000037,Elsie,Barton,27,Childcare worker,uk
25,4000026,Marian,Solomon,27,Lawyer,india
39,4000040,Douglas,Ross,27,Secretary,uk
202,4000203,Sandra,Middleton,28,Librarian,africa
368,4000369,Dorothy,Sherrill,28,Agricultural and food scientist,australia
344,4000345,Frances,Wagner,28,Veterinarian,australia
229,4000230,Kathy,Burch,28,Pilot,africa
332,4000333,Kenneth,Pickett,28,Police officer,australia
142,4000143,Katie,May,28,Recreation and fitness worker,china
206,4000207,Johnny,Carlton,28,Librarian,africa
23,4000024,Franklin,Vick,28,Dancer,india
220,4000221,Glenda,Boswell,28,Civil engineer,africa
315,4000316,Glenda,Douglas,28,Loan officer,australia
158,4000159,Glen,Abbott,29,Loan officer,china
341,4000342,Rose,McCall,29,Farmer,australia
96,4000097,Brandon,James,29,Musician,us
286,4000287,Lester,Cash,30,Firefighter,australia
170,4000171,Stephen,Finch,30,Coach,china
448,4000449,Terry,Garcia,30,Automotive mechanic,ireland
349,4000350,Sheryl,Diaz,30,Pharmacist,australia
385,4000386,Gene,Pearce,30,Architect,australia
85,4000086,Ethel,Rodgers,30,Librarian,us
236,4000237,Laura,Eason,31,Loan officer,africa
165,4000166,Martha,Monroe,31,Judge,china
78,4000079,Stacy,Eason,31,Musician,us
251,4000252,Christy,Lyons,31,Physicist,africa
425,4000426,Veronica,Callahan,31,Veterinarian,ireland
380,4000381,Kent,Roy,31,Electrical engineer,australia
108,4000109,Vincent,Sumner,31,Lawyer,us
420,4000421,Jerry,Alston,31,Lawyer,ireland
45,4000046,Louis,Rosenthal,31,Economist,uk
149,4000150,Martin,Vick,31,Physicist,china
279,4000280,Lillian,Bolton,32,Photographer,africa
109,4000110,Kurt,Cassidy,32,Dancer,us
406,4000407,Glenda,Humphrey,32,Carpenter,ireland
440,4000441,Alice,Eaton,32,Chemist,ireland
98,4000099,Joann,Stout,32,Real estate agent,us
356,4000357,Max,Robinson,32,Dancer,australia
227,4000228,Sidney,Terrell,32,Statistician,africa
407,4000408,Jacob,Singleton,33,Veterinarian,ireland
160,4000161,Alice,Hall,33,Recreation and fitness worker,china
38,4000039,Erica,Hall,33,Police officer,uk
134,4000135,Vincent,Fischer,33,Statistician,us
412,4000413,Stephen,Melton,33,Athlete,ireland
208,4000209,Lauren,Schultz,33,Electrician,africa
320,4000321,Sue,Reilly,33,Physicist,australia
441,4000442,Elisabeth,Lowe,34,Farmer,ireland
136,4000137,Rhonda,Chan,34,Pharmacist,us
138,4000139,Mary,Byrd,34,Environmental scientist,us
322,4000323,Rita,Yates,34,Librarian,australia
107,4000108,Shawn,Boykin,34,Photographer,us
287,4000288,Jacob,Pittman,34,Economist,australia
248,4000249,Florence,Carver,34,Electrical engineer,africa
447,4000448,Guy,Klein,34,Designer,ireland
437,4000438,Vincent,Woodward,34,Electrical engineer,ireland
2,4000003,Sherri,Melton,34,Firefighter,us
456,4000457,Bernard,Pate,34,Doctor,ireland
249,4000250,Claire,Shelton,34,Environmental scientist,africa
377,4000378,Dianne,Dillon,34,Recreation and fitness worker,australia
35,4000036,Priscilla,Wilkerson,35,Agricultural and food scientist,uk
105,4000106,Jennifer,Tilley,35,Agricultural and food scientist,us
197,4000198,Ken,Kennedy,35,Automotive mechanic,africa
127,4000128,Joanne,Bowling,35,Musician,us
174,4000175,Ben,Whitaker,35,Computer support specialist,china
328,4000329,Wallace,Kaplan,35,Secretary,australia
240,4000241,Bill,Heath,35,Actor,africa
161,4000162,Bruce,Farrell,35,Librarian,china
369,4000370,Theresa,Oakley,35,Nurse,australia
233,4000234,Alexander,Gray,35,Reporter,africa
430,4000431,Nina,Savage,35,Politician,ireland
179,4000180,Louis,Rollins,35,Economist,china
173,4000174,Doris,Kinney,36,Athlete,china
182,4000183,Constance,Black,36,Firefighter,china
434,4000435,Brenda,Barbour,36,Architect,ireland
426,4000427,Kelly,Conway,36,Designer,ireland
311,4000312,Colleen,Winters,36,Designer,australia
225,4000226,Geraldine,Davis,36,Accountant,africa
314,4000315,Bradley,Beatty,36,Human resources assistant,australia
376,4000377,Ellen,Creech,36,Human resources assistant,australia
451,4000452,Marsha,Gold,36,Athlete,ireland
81,4000082,Lynne,Rose,36,Loan officer,us
383,4000384,Melanie,Ritchie,36,Financial analyst,australia
117,4000118,Leslie,Griffin,37,Photographer,us
449,4000450,Floyd,Schroeder,37,Farmer,ireland
145,4000146,Natalie,Locklear,37,Politician,china
330,4000331,Jon,Richmond,37,Agricultural and food scientist,australia
347,4000348,Marian,Crane,37,Automotive mechanic,australia
339,4000340,Lynne,Mangum,37,Chemist,australia
60,4000061,Jessica,Rich,37,Actor,uk
365,4000366,Evelyn,Parsons,37,Human resources assistant,australia
263,4000264,Joanna,Middleton,37,Firefighter,africa
120,4000121,Martha,Robertson,37,Agricultural and food scientist,us
56,4000057,Glenda,Morgan,37,Real estate agent,uk
455,4000456,Peter,Hughes,38,Computer software engineer,ireland
33,4000034,Jerome,Johnston,38,Childcare worker,uk
269,4000270,Tommy,Barrett,38,Engineering technician,africa
401,4000402,Rhonda,Goldman,38,Computer support specialist,ireland
338,4000339,Kerry,Huff,38,Writer,australia
189,4000190,Kim,Matthews,38,Architect,china
329,4000330,Kimberly,Gross,38,Designer,australia
124,4000125,Roberta,Zhang,38,Statistician,us
168,4000169,Robert,Reid,39,Carpenter,china
178,4000179,Mark,Becker,39,Computer support specialist,china
95,4000096,Brett,Lamb,39,Engineering technician,us
8,4000009,Malcolm,Wagner,39,Artist,india
180,4000181,Janet,Love,39,Politician,china
54,4000055,Gretchen,Holmes,39,Childcare worker,uk
363,4000364,Christina,Harris,39,Doctor,australia
73,4000074,Kyle,Watts,39,Engineering technician,us
20,4000021,Alex,May,39,Environmental scientist,india
57,4000058,Scott,Hoyle,40,Doctor,uk
375,4000376,Glen,Thompson,40,Coach,australia
457,4000458,Harold,Burnett,40,Musician,ireland
148,4000149,Neal,Glover,40,Real estate agent,china
459,4000460,Cheryl,Horn,40,Veterinarian,ireland
28,4000029,Wayne,Connolly,40,Real estate agent,uk
265,4000266,Janice,Reid,40,Therapist,africa
255,4000256,Nancy,Hobbs,40,Environmental scientist,africa
152,4000153,Beth,McKenna,40,Veterinarian,china
187,4000188,Jerome,Joyce,40,Artist,china
429,4000430,George,Glover,41,Nurse,ireland
317,4000318,Clyde,Hendricks,41,Loan officer,australia
299,4000300,Tiffany,Nash,41,Coach,australia
404,4000405,Grace,Stark,41,Pharmacist,ireland
103,4000104,Geoffrey,Clapp,41,Photographer,us
12,4000013,Marion,Moon,41,Carpenter,india
118,4000119,Marshall,Gross,42,Actor,us
234,4000235,Marsha,Chang,42,Chemist,africa
181,4000182,Leo,Adkins,42,Economist,china
198,4000199,Judy,Branch,42,Athlete,africa
307,4000308,Judy,Schultz,42,Statistician,australia
22,4000023,Wesley,Teague,42,Carpenter,india
5,4000006,Patrick,Song,42,Veterinarian,australia
24,4000025,Claire,Gallagher,42,Musician,india
207,4000208,Ashley,Brady,43,Financial analyst,africa
296,4000297,Bruce,Wiley,43,Artist,australia
435,4000436,Joshua,Sherrill,43,Politician,ireland
461,4000462,Alan,Levin,43,Statistician,ireland
342,4000343,Kathy,Pollard,43,Politician,australia
6,4000007,Elsie,Hamilton,43,Pilot,ireland
310,4000311,Sue,Hamrick,43,Reporter,australia
275,4000276,Glen,Kramer,43,Coach,africa
326,4000327,Heather,Dawson,43,Artist,australia
292,4000293,Kay,Ayers,44,Childcare worker,australia
59,4000060,Michelle,Rich,44,Artist,uk
83,4000084,Diana,Moore,44,Computer support specialist,us
77,4000078,Sara,Lucas,44,Loan officer,us
312,4000313,Judith,Dolan,44,Civil engineer,australia
305,4000306,Stanley,Glover,44,Nurse,australia
71,4000072,Caroline,O'Brien,44,Computer support specialist,us
44,4000045,Lois,Joseph,44,Musician,uk
41,4000042,Katherine,Bender,44,Physicist,uk
415,4000416,Paige,Cherry,45,Environmental scientist,ireland
17,4000018,Jean,Griffin,45,Childcare worker,india
395,4000396,Andrew,Briggs,45,Farmer,ireland
58,4000059,Pat,Allen,45,Secretary,uk
122,4000123,Gayle,Brady,45,Firefighter,us
166,4000167,Lynn,Robertson,45,Lawyer,china
92,4000093,Curtis,Love,45,Secretary,us
114,4000115,Betty,McKenzie,45,Computer support specialist,us
27,4000028,Dwight,Monroe,45,Economist,uk
230,4000231,Marguerite,Weiner,45,Police officer,africa
417,4000418,Tamara,Creech,46,Social worker,ireland
215,4000216,Linda,O'Brien,46,Loan officer,africa
129,4000130,Toni,Glass,46,Lawyer,us
411,4000412,Sandra,Kang,47,Designer,ireland
10,4000011,Francis,McNamara,47,Therapist,india
167,4000168,Jose,Sykes,47,Writer,china
68,4000069,Melanie,Hewitt,47,Real estate agent,us
46,4000047,Christina,Bowden,47,Computer software engineer,uk
186,4000187,Hazel,Lloyd,48,Politician,china
283,4000284,Gina,Saunders,48,Photographer,africa
400,4000401,Elaine,Pritchard,48,Automotive mechanic,ireland
89,4000090,Patsy,Sinclair,48,Police officer,us
285,4000286,Catherine,Sherrill,48,Nurse,australia
14,4000015,Julia,Desai,49,Musician,india
384,4000385,Ronald,Odom,49,Psychologist,australia
209,4000210,Carolyn,Nichols,49,Agricultural and food scientist,africa
353,4000354,Harold,Li,49,Doctor,australia
238,4000239,Eva,Siegel,50,Psychologist,africa
281,4000282,Ashley,Hendrix,50,Accountant,africa
378,4000379,Harry,Foster,50,Coach,australia
272,4000273,Larry,Rogers,50,Engineering technician,africa
346,4000347,Leslie,Wolf,50,Loan officer,australia
410,4000411,Joanna,Hoover,50,Actor,ireland
321,4000322,Geraldine,Jensen,50,Pilot,australia
460,4000461,Audrey,Forrest,50,Architect,ireland
29,4000030,Stephanie,Hawkins,50,Human resources assistant,uk
443,4000444,Thomas,Fuller,51,Childcare worker,ireland
442,4000443,Matthew,Stanton,51,Secretary,ireland
157,4000158,Leroy,Monroe,51,Computer support specialist,china
141,4000142,Sandra,Heller,51,Photographer,china
104,4000105,Patricia,Abrams,51,Veterinarian,us
340,4000341,Claude,Berger,51,Electrical engineer,australia
323,4000324,Annie,Haynes,51,Social worker,australia
115,4000116,Danny,Byrne,51,Dancer,us
351,4000352,Ernest,Stanton,51,Lawyer,australia
398,4000399,Randall,Hinson,51,Judge,ireland
176,4000177,Ryan,Conner,51,Electrical engineer,china
121,4000122,Jack,Palmer,52,Human resources assistant,us
414,4000415,Regina,Ellington,52,Social worker,ireland
79,4000080,Gladys,Davidson,52,Recreation and fitness worker,us
15,4000016,Jerome,Wallace,52,Pharmacist,india
244,4000245,Glenda,Baker,52,Economist,africa
261,4000262,Miriam,Blackburn,52,Athlete,africa
428,4000429,Carrie,Watson,52,Musician,ireland
50,4000051,Frederick,Baker,52,Writer,uk
216,4000217,Sarah,Barr,52,Therapist,africa
64,4000065,Eugene,Graham,52,Police officer,us
371,4000372,Barry,Maynard,53,Pharmacist,australia
49,4000050,William,Jones,53,Photographer,uk
298,4000299,Geoffrey,Reed,53,Reporter,australia
55,4000056,Don,Sharpe,53,Social worker,uk
205,4000206,Lester,Rich,53,Human resources assistant,africa
327,4000328,Jane,Barefoot,53,Accountant,australia
69,4000070,Marianne,Branch,53,Judge,us
389,4000390,Tracy,Cates,54,Dancer,ireland
271,4000272,Adam,Washington,54,Electrical engineer,africa
302,4000303,Erin,Finch,54,Police officer,australia
394,4000395,Betsy,Chang,54,Designer,ireland
362,4000363,Audrey,Lanier,54,Human resources assistant,australia
188,4000189,Vincent,Welch,54,Psychologist,china
102,4000103,Louise,Beasley,54,Loan officer,us
94,4000095,Jennifer,Christian,54,Human resources assistant,us
74,4000075,Calvin,Christensen,54,Architect,us
195,4000196,Michele,Bowman,54,Computer software engineer,africa
47,4000048,Darlene,Barton,54,Doctor,uk
139,4000140,Sidney,Lane,54,Statistician,us
334,4000335,Jim,Singleton,55,Accountant,australia
65,4000066,Vickie,Watkins,55,Computer support specialist,us
336,4000337,Pauline,Spivey,55,Computer hardware engineer,australia
0,4000001,Kristina,Chung,55,Pilot,india
392,4000393,Molly,Cox,55,Social worker,ireland
300,4000301,Todd,Wilkerson,55,Librarian,australia
331,4000332,Lee,Pope,55,Statistician,australia
357,4000358,Vicki,Mills,56,Computer support specialist,australia
309,4000310,Julie,Skinner,56,Electrical engineer,australia
454,4000455,Deborah,French,56,Accountant,ireland
52,4000053,Jason,Cross,56,Civil engineer,uk
423,4000424,Christina,Morris,56,Dancer,ireland
239,4000240,Robert,Puckett,56,Physicist,africa
355,4000356,Kay,Hess,56,Childcare worker,australia
397,4000398,Eileen,Goldberg,57,Therapist,ireland
297,4000298,Marc,Harrington,57,Physicist,australia
282,4000283,Ian,Nichols,57,Electrician,africa
303,4000304,Melinda,Starr,57,Statistician,australia
364,4000365,Joseph,Underwood,57,Reporter,australia
267,4000268,Juan,Steele,57,Nurse,africa
256,4000257,Monica,Dodson,58,Pilot,africa
32,4000033,Tim,Watts,58,Lawyer,uk
246,4000247,Wesley,Shaffer,58,Farmer,africa
226,4000227,Edna,Coleman,58,Veterinarian,africa
245,4000246,Arthur,Goldman,58,Childcare worker,africa
408,4000409,Jordan,Horowitz,58,Actor,ireland
278,4000279,Jan,Brown,58,Secretary,africa
223,4000224,Gregory,Weiner,58,Accountant,africa
128,4000129,Martin,Justice,58,Electrician,us
125,4000126,Patricia,Hodge,59,Artist,us
190,4000191,Joseph,Chappell,59,Reporter,china
150,4000151,Jack,O'Donnell,59,Actor,china
30,4000031,Neal,Middleton,59,Civil engineer,uk
379,4000380,Tim,Starr,59,Photographer,australia
259,4000260,Philip,Liu,59,Nurse,africa
405,4000406,Jordan,Dunlap,59,Agricultural and food scientist,ireland
433,4000434,Sue,Ellis,59,Environmental scientist,ireland
237,4000238,Melinda,Weeks,59,Computer software engineer,africa
276,4000277,Valerie,Jennings,59,Loan officer,africa
270,4000271,Alice,Nance,59,Pilot,africa
243,4000244,Penny,Neal,59,Veterinarian,africa
194,4000195,Claire,Pickett,59,Lawyer,china
422,4000423,Alan,O'Neal,59,Pilot,ireland
367,4000368,Ben,Banks,60,Accountant,australia
9,4000010,Dolores,McLaughlin,60,Writer,india
458,4000459,Gretchen,Francis,60,Politician,ireland
386,4000387,Peter,Rosenberg,60,Politician,australia
250,4000251,Jeremy,House,61,Pilot,africa
416,4000417,Joyce,Jennings,61,Social worker,ireland
381,4000382,Eddie,Barbour,61,Athlete,australia
82,4000083,Faye,Sparks,61,Civil engineer,us
192,4000193,Eric,Kane,61,Childcare worker,china
93,4000094,Dana,McLean,61,Artist,us
116,4000117,Peggy,Schroeder,61,Loan officer,us
304,4000305,Julie,Holland,61,Architect,australia
431,4000432,Paige,Henson,61,Dancer,ireland
130,4000131,Beth,Willis,62,Carpenter,us
72,4000073,Arlene,Case,62,Musician,us
316,4000317,Brent,Byrne,62,Judge,australia
427,4000428,Marcus,Harvey,62,Computer support specialist,ireland
184,4000185,Gladys,Hatcher,62,Musician,china
335,4000336,Steven,Ballard,62,Pilot,australia
163,4000164,Amy,Norman,62,Automotive mechanic,china
277,4000278,Meredith,Bowles,62,Accountant,africa
18,4000019,Kristine,Dougherty,63,Financial analyst,india
393,4000394,Carlos,Erickson,63,Statistician,ireland
7,4000008,Hazel,Bender,63,Carpenter,india
126,4000127,Clifford,Li,63,Photographer,us
374,4000375,Norman,Lam,63,Teacher,australia
42,4000043,Paul,Woods,63,Doctor,uk
143,4000144,Raymond,Jennings,63,Coach,china
218,4000219,Dana,Cain,63,Human resources assistant,africa
221,4000222,Glen,Olsen,63,Childcare worker,africa
26,4000027,Marcia,Walsh,64,Accountant,india
360,4000361,Jacob,Moore,64,Environmental scientist,australia
266,4000267,Brian,Braswell,64,Chemist,africa
252,4000253,Wesley,Moser,64,Doctor,africa
419,4000420,Betty,Albright,64,Engineering technician,ireland
352,4000353,Vivian,Carey,64,Statistician,australia
156,4000157,Franklin,Watson,64,Coach,china
280,4000281,Allen,Craven,64,Therapist,africa
123,4000124,Benjamin,Rowe,64,Childcare worker,us
452,4000453,Kim,Hensley,64,Photographer,ireland
214,4000215,Ben,West,64,Electrician,africa
432,4000433,Jay,Wang,64,Carpenter,ireland
228,4000229,Faye,Norman,64,Pilot,africa
402,4000403,Leo,Lassiter,65,Pilot,ireland
63,4000064,Calvin,Diaz,65,Athlete,us
254,4000255,Susan,Abbott,65,Actor,africa
333,4000334,Keith,Schwartz,65,Childcare worker,australia
446,4000447,Jordan,Knight,65,Electrician,ireland
13,4000014,Beth,Woodard,65,Musician,india
40,4000041,Donald,Chung,65,Computer hardware engineer,uk
75,4000076,Gary,Parks,65,Pharmacist,us
146,4000147,Kathy,Holloway,65,Pharmacist,china
211,4000212,Charlene,Stevenson,65,Carpenter,africa
203,4000204,Billie,Moss,65,Photographer,africa
372,4000373,Jerome,Hill,66,Computer hardware engineer,australia
3,4000004,Gretchen,Hill,66,Computer hardware engineer,china
308,4000309,Raymond,Hawley,66,Recreation and fitness worker,australia
61,4000062,Evan,Grant,66,Agricultural and food scientist,uk
366,4000367,Nicholas,Vaughn,66,Carpenter,australia
445,4000446,Kristine,Schultz,66,Architect,ireland
21,4000022,Eric,Steele,66,Doctor,india
273,4000274,Angela,McMahon,66,Secretary,africa
409,4000410,Dawn,Lutz,66,Therapist,ireland
162,4000163,Kathleen,Lucas,66,Chemist,china
87,4000088,Alison,Scarborough,66,Designer,us
418,4000419,Toni,Lynn,67,Civil engineer,ireland
231,4000232,Marvin,Parrott,67,Doctor,africa
119,4000120,Sara,Perkins,67,Actor,us
19,4000020,Crystal,Powers,67,Engineering technician,india
43,4000044,Patricia,Mangum,67,Civil engineer,uk
232,4000233,Alex,Henry,67,Police officer,africa
257,4000258,Justin,Spencer,67,Economist,africa
164,4000165,Ronnie,Atkins,67,Dancer,china
67,4000068,Allan,Marsh,67,Athlete,us
325,4000326,Michelle,Matthews,67,Computer software engineer,australia
193,4000194,Heather,Butler,67,Farmer,china
290,4000291,Lloyd,Mack,67,Recreation and fitness worker,australia
373,4000374,Jason,Livingston,67,Civil engineer,australia
262,4000263,Christopher,McKay,67,Judge,africa
204,4000205,Katharine,Lucas,67,Electrician,africa
295,4000296,Virginia,York,67,Politician,australia
155,4000156,Mitchell,McClure,68,Loan officer,china
135,4000136,Dianne,Norman,68,Veterinarian,us
185,4000186,Hazel,Wu,68,Therapist,china
438,4000439,Nicholas,Godfrey,69,Environmental scientist,ireland
313,4000314,Luis,Turner,69,Computer software engineer,australia
235,4000236,Karl,McLean,69,Photographer,africa
90,4000091,Kelly,Bowman,69,Childcare worker,us
343,4000344,Catherine,Garcia,69,Athlete,australia
66,4000067,Luis,Hinton,69,Childcare worker,us
264,4000265,Stacy,Frazier,69,Designer,africa
171,4000172,Peggy,Hobbs,69,Musician,china
133,4000134,Jimmy,Graves,69,Nurse,us
436,4000437,Nelson,Pierce,69,Actor,ireland
200,4000201,Timothy,McNeill,70,Librarian,africa
199,4000200,Clyde,Thornton,70,Pharmacist,africa
140,4000141,Jeff,Kaplan,70,Chemist,china
444,4000445,Benjamin,Simmons,70,Veterinarian,ireland
110,4000111,Danny,Davidson,70,Agricultural and food scientist,us
106,4000107,Mary,Morse,70,Automotive mechanic,us
48,4000049,Harvey,Underwood,70,Engineering technician,uk
169,4000170,Pauline,Chandler,70,Economist,china
222,4000223,Don,Pittman,70,Designer,africa
462,4000463,Wayne,Weiner,70,Actor,ireland
382,4000383,Arnold,Burke,70,Reporter,australia
294,4000295,Lucille,Richmond,70,Photographer,australia
293,4000294,Wendy,Cherry,70,Loan officer,australia
288,4000289,Nancy,Sullivan,70,Electrical engineer,australia
318,4000319,Sharon,Mayer,70,Statistician,australia
370,4000371,Harriet,Rubin,71,Real estate agent,australia
213,4000214,Sheryl,Dunn,71,Civil engineer,africa
224,4000225,Randy,Petersen,71,Actor,africa
99,4000100,Ronnie,Cowan,71,Photographer,us
284,4000285,Donna,Lehman,71,Social worker,australia
337,4000338,Marc,Denton,71,Musician,australia
413,4000414,Jessica,Teague,72,Firefighter,ireland
399,4000400,Kelly,Weiss,72,Librarian,ireland
16,4000017,Neal,Lawrence,72,Computer support specialist,india
172,4000173,Donna,Adkins,72,Electrical engineer,china
253,4000254,Lucy,Dickinson,72,Loan officer,africa
421,4000422,Tommy,Burnette,72,Doctor,ireland
242,4000243,Clifford,Garrett,72,Veterinarian,africa
210,4000211,Louis,Harvey,72,Financial analyst,africa
132,4000133,Samantha,Floyd,72,Childcare worker,us
131,4000132,Jessica,Hester,72,Civil engineer,us
390,4000391,Holly,McIntosh,73,Computer software engineer,ireland
112,4000113,Alice,Blanchard,73,Economist,us
113,4000114,Joan,McAllister,73,Engineering technician,us
387,4000388,Jean,Garrett,73,Doctor,ireland
101,4000102,Gene,Bowling,73,Recreation and fitness worker,us
359,4000360,Alvin,McDonald,73,Musician,australia
154,4000155,Tamara,Stone,73,Firefighter,china
159,4000160,Judith,Singer,73,Actor,china
37,4000038,Beth,Walton,73,Firefighter,uk
177,4000178,Tracey,Waters,73,Computer hardware engineer,china
183,4000184,Sarah,Fox,73,Psychologist,china
350,4000351,Lewis,Currin,73,Farmer,australia
86,4000087,Steve,Graves,73,Nurse,us
361,4000362,Holly,Fox,74,Physicist,australia
4,4000005,Karen,Puckett,74,Lawyer,africa
1,4000002,Paige,Chen,74,Teacher,uk
219,4000220,Rebecca,Heath,74,Environmental scientist,africa
391,4000392,Emma,Olson,74,Pilot,ireland
147,4000148,Troy,Jones,74,Secretary,china
274,4000275,Lawrence,Miles,74,Dancer,africa
268,4000269,Leroy,Donovan,74,Photographer,africa
403,4000404,Clarence,Massey,74,Politician,ireland
258,4000259,Margaret,Burgess,74,Social worker,africa
241,4000242,Edna,Hoyle,74,Electrical engineer,africa
306,4000307,Karen,Clements,74,Farmer,australia
324,4000325,Ruth,Harmon,75,Artist,australia
88,4000089,Sherri,Sutton,75,Social worker,us
